window_id,window_start,is_reference,driftlens_score,driftlens_threshold,driftlens_ratio,driftlens_alarm,mcddd_score,mcddd_threshold,mcddd_ratio,mcddd_alarm,agreement,n_posts,n_used
18371,2020-04-19T00:00:00,True,0.073507,0.071309,1.0308,True,,,,,reference,339,339
18374,2020-04-22T00:00:00,True,0.029068,0.031929,0.9104,False,,,,,reference,896,896
18375,2020-04-23T00:00:00,True,0.150714,0.147798,1.0197,True,,,,,reference,163,163
18376,2020-04-24T00:00:00,True,0.028113,0.029583,0.9503,False,,,,,reference,5323,1000
18377,2020-04-25T00:00:00,True,0.022211,0.029583,0.7508,False,,,,,reference,6178,1000
18378,2020-04-26T00:00:00,True,0.022724,0.029583,0.7681,False,,,,,reference,4435,1000
18379,2020-04-27T00:00:00,True,0.021442,0.029583,0.7248,False,,,,,reference,3028,1000
18380,2020-04-28T00:00:00,True,0.022678,0.029583,0.7666,False,,,,,reference,3837,1000
18381,2020-04-29T00:00:00,True,0.023412,0.029583,0.7914,False,,,,,reference,3847,1000
18382,2020-04-30T00:00:00,True,0.021923,0.029583,0.7411,False,,,,,reference,3234,1000
18383,2020-05-01T00:00:00,True,0.02442,0.029583,0.8255,False,,,,,reference,4444,1000
18384,2020-05-02T00:00:00,True,0.023613,0.029583,0.7982,False,,,,,reference,2178,1000
18385,2020-05-03T00:00:00,True,0.022906,0.029583,0.7743,False,,,,,reference,4570,1000
18386,2020-05-04T00:00:00,True,0.022387,0.029583,0.7568,False,,,,,reference,7165,1000
18387,2020-05-05T00:00:00,False,0.024158,0.029583,0.8166,False,2.03173,1.1741,1.7305,True,mcddd_only,4949,1000
18388,2020-05-06T00:00:00,False,0.024134,0.029583,0.8158,False,1.67572,1.1741,1.4272,True,mcddd_only,4575,1000
18389,2020-05-07T00:00:00,False,0.021879,0.029583,0.7396,False,0.603095,1.1741,0.5137,False,neither,4553,1000
18390,2020-05-08T00:00:00,False,0.023629,0.029583,0.7987,False,0.73003,1.1741,0.6218,False,neither,3984,1000
18391,2020-05-09T00:00:00,False,0.027758,0.029583,0.9383,False,0.924523,1.1741,0.7874,False,neither,5857,1000
18392,2020-05-10T00:00:00,False,0.029119,0.029583,0.9843,False,0.814624,1.1741,0.6938,False,neither,3594,1000
18393,2020-05-11T00:00:00,False,0.023288,0.029583,0.7872,False,0.757181,1.1741,0.6449,False,neither,4032,1000
18394,2020-05-12T00:00:00,False,0.026124,0.029583,0.8831,False,0.902434,1.1741,0.7686,False,neither,3994,1000
18395,2020-05-13T00:00:00,False,0.024936,0.029583,0.8429,False,0.688317,1.1741,0.5863,False,neither,2595,1000
18396,2020-05-14T00:00:00,False,0.023355,0.029583,0.7895,False,0.679727,1.1741,0.5789,False,neither,3356,1000
18397,2020-05-15T00:00:00,False,0.024732,0.029583,0.836,False,0.565688,1.1741,0.4818,False,neither,2035,1000
18398,2020-05-16T00:00:00,False,0.028681,0.029583,0.9695,False,1.02106,1.1741,0.8697,False,neither,4044,1000
18399,2020-05-17T00:00:00,False,0.025708,0.029583,0.869,False,0.907063,1.1741,0.7726,False,neither,1256,1000
18400,2020-05-18T00:00:00,False,0.025056,0.029583,0.847,False,0.876794,1.1741,0.7468,False,neither,1828,1000
18401,2020-05-19T00:00:00,False,0.04313,0.038225,1.1283,True,1.30723,2.69995,0.4842,False,driftlens_only,710,710
18402,2020-05-20T00:00:00,False,0.029276,0.029583,0.9896,False,1.09668,2.69995,0.4062,False,neither,1445,1000
18404,2020-05-22T00:00:00,False,0.026058,0.029583,0.8808,False,0.949908,2.69995,0.3518,False,neither,5103,1000
18405,2020-05-23T00:00:00,False,0.028777,0.029583,0.9728,False,1.13019,2.69995,0.4186,False,neither,5600,1000
18406,2020-05-24T00:00:00,False,0.032121,0.029583,1.0858,True,0.769438,2.69995,0.285,False,driftlens_only,4315,1000
18407,2020-05-25T00:00:00,False,0.027264,0.029583,0.9216,False,1.06634,2.69995,0.3949,False,neither,4804,1000
18408,2020-05-26T00:00:00,False,0.033288,0.03316,1.0039,True,0.708951,2.69995,0.2626,False,driftlens_only,861,861
18409,2020-05-27T00:00:00,False,0.026918,0.0302,0.8913,False,0.854236,2.69995,0.3164,False,neither,965,965
18410,2020-05-28T00:00:00,False,0.03037,0.029583,1.0266,True,1.23492,2.69995,0.4574,False,driftlens_only,1047,1000
18411,2020-05-29T00:00:00,False,0.04198,0.041192,1.0191,True,0.97467,2.68775,0.3626,False,driftlens_only,648,648
18412,2020-05-30T00:00:00,False,0.034196,0.029583,1.1559,True,1.07876,2.68775,0.4014,False,driftlens_only,1242,1000
18413,2020-05-31T00:00:00,False,0.037519,0.034202,1.097,True,1.32948,2.68775,0.4946,False,driftlens_only,819,819
18414,2020-06-01T00:00:00,False,0.034892,0.029583,1.1795,True,0.952347,2.68775,0.3543,False,driftlens_only,1201,1000
18416,2020-06-03T00:00:00,False,0.048257,0.034874,1.3838,True,1.12293,2.68775,0.4178,False,driftlens_only,807,807
18417,2020-06-04T00:00:00,False,0.037479,0.034461,1.0876,True,0.928658,2.68775,0.3455,False,driftlens_only,812,812
18418,2020-06-05T00:00:00,False,0.031431,0.029583,1.0625,True,0.958836,2.68775,0.3567,False,driftlens_only,1065,1000
18419,2020-06-06T00:00:00,False,0.041327,0.029583,1.397,True,1.31872,2.68775,0.4906,False,driftlens_only,1144,1000
18420,2020-06-07T00:00:00,False,0.036294,0.030792,1.1787,True,0.860418,2.68775,0.3201,False,driftlens_only,922,922
18421,2020-06-08T00:00:00,False,0.112086,0.112384,0.9973,False,1.36586,3.39784,0.402,False,neither,209,209
18422,2020-06-09T00:00:00,False,0.034644,0.029583,1.1711,True,1.20498,3.39784,0.3546,False,driftlens_only,1122,1000
18423,2020-06-10T00:00:00,False,0.030128,0.029551,1.0195,True,1.27297,3.39784,0.3746,False,driftlens_only,991,991
18424,2020-06-11T00:00:00,False,0.031033,0.029583,1.049,True,1.2762,3.39784,0.3756,False,driftlens_only,1165,1000
18425,2020-06-12T00:00:00,False,0.033634,0.029583,1.1369,True,1.56567,3.39784,0.4608,False,driftlens_only,1304,1000
18426,2020-06-13T00:00:00,False,0.034768,0.029583,1.1753,True,2.18412,3.39784,0.6428,False,driftlens_only,1003,1000
18427,2020-06-14T00:00:00,False,0.03667,0.034461,1.0641,True,1.92511,3.39784,0.5666,False,driftlens_only,812,812
18428,2020-06-15T00:00:00,False,0.04656,0.031848,1.4619,True,2.03349,3.39784,0.5985,False,driftlens_only,899,899
18430,2020-06-17T00:00:00,False,0.031092,0.029583,1.051,True,1.885,3.39784,0.5548,False,driftlens_only,1026,1000
18432,2020-06-19T00:00:00,False,0.04794,0.033181,1.4448,True,1.90611,3.39784,0.561,False,driftlens_only,850,850
18433,2020-06-20T00:00:00,False,0.082808,0.037897,2.1851,True,1.87126,3.39784,0.5507,False,driftlens_only,721,721
18494,2020-08-20T00:00:00,False,0.034315,0.029583,1.16,True,1.29471,2.74045,0.4724,False,driftlens_only,1512,1000
18495,2020-08-21T00:00:00,False,0.042449,0.034021,1.2477,True,1.35027,2.74045,0.4927,False,driftlens_only,836,836
18496,2020-08-22T00:00:00,False,0.037403,0.029583,1.2643,True,1.07049,2.74045,0.3906,False,driftlens_only,1342,1000
18497,2020-08-23T00:00:00,False,0.051902,0.030706,1.6903,True,1.19459,2.74045,0.4359,False,driftlens_only,946,946
18498,2020-08-24T00:00:00,False,0.036472,0.029583,1.2329,True,1.01584,2.74045,0.3707,False,driftlens_only,1095,1000
18500,2020-08-26T00:00:00,False,0.048146,0.029583,1.6275,True,1.58503,2.74045,0.5784,False,driftlens_only,1308,1000
18502,2020-08-28T00:00:00,False,0.050337,0.034818,1.4457,True,1.07461,2.74045,0.3921,False,driftlens_only,792,792
18503,2020-08-29T00:00:00,False,0.039387,0.029583,1.3314,True,1.07125,2.74045,0.3909,False,driftlens_only,1629,1000
18504,2020-08-30T00:00:00,False,0.043042,0.029583,1.455,True,0.994739,2.74045,0.363,False,driftlens_only,1516,1000
18505,2020-08-31T00:00:00,False,0.036288,0.029583,1.2267,True,1.28532,2.74045,0.469,False,driftlens_only,2104,1000
18506,2020-09-01T00:00:00,False,0.033905,0.029583,1.1461,True,0.9968,2.62191,0.3802,False,driftlens_only,2897,1000
18507,2020-09-02T00:00:00,False,0.034642,0.029583,1.171,True,1.32519,2.62191,0.5054,False,driftlens_only,3055,1000
18508,2020-09-03T00:00:00,False,0.037965,0.029583,1.2833,True,0.930421,2.62191,0.3549,False,driftlens_only,1457,1000
18511,2020-09-06T00:00:00,False,0.032805,0.029583,1.1089,True,1.04483,2.62191,0.3985,False,driftlens_only,2856,1000
18517,2020-09-12T00:00:00,False,0.045573,0.029583,1.5405,True,0.926574,2.62191,0.3534,False,driftlens_only,1200,1000
18518,2020-09-13T00:00:00,False,0.037297,0.029583,1.2608,True,1.0316,2.62191,0.3935,False,driftlens_only,1185,1000
18520,2020-09-15T00:00:00,False,0.036268,0.029583,1.226,True,0.797345,2.62191,0.3041,False,driftlens_only,1460,1000
18522,2020-09-17T00:00:00,False,0.038585,0.029583,1.3043,True,0.800816,1.1741,0.6821,False,driftlens_only,1864,1000
18524,2020-09-19T00:00:00,False,0.040024,0.029583,1.3529,True,0.957209,1.1741,0.8153,False,driftlens_only,1205,1000
18525,2020-09-20T00:00:00,False,0.032746,0.029583,1.1069,True,0.969208,1.1741,0.8255,False,driftlens_only,3157,1000
18527,2020-09-22T00:00:00,False,0.038428,0.029583,1.299,True,0.775292,1.1741,0.6603,False,driftlens_only,3092,1000
18528,2020-09-23T00:00:00,False,0.048089,0.033426,1.4387,True,1.25534,2.60885,0.4812,False,driftlens_only,839,839
18529,2020-09-24T00:00:00,False,0.03922,0.029583,1.3258,True,0.841131,2.60885,0.3224,False,driftlens_only,2890,1000
18530,2020-09-25T00:00:00,False,0.036467,0.029583,1.2327,True,0.887893,2.60885,0.3403,False,driftlens_only,3593,1000
18531,2020-09-26T00:00:00,False,0.038764,0.029583,1.3103,True,1.05111,2.60885,0.4029,False,driftlens_only,2757,1000
18532,2020-09-27T00:00:00,False,0.032378,0.029583,1.0945,True,0.966948,2.60885,0.3706,False,driftlens_only,7040,1000
18533,2020-09-28T00:00:00,False,0.032233,0.029583,1.0896,True,0.801623,2.60885,0.3073,False,driftlens_only,2407,1000
18534,2020-09-29T00:00:00,False,0.032707,0.029583,1.1056,True,0.802817,2.60885,0.3077,False,driftlens_only,2460,1000
18535,2020-09-30T00:00:00,False,0.034168,0.029583,1.155,True,0.747105,2.60885,0.2864,False,driftlens_only,7028,1000
18536,2020-10-01T00:00:00,False,0.035089,0.029583,1.1861,True,0.921731,2.60885,0.3533,False,driftlens_only,6166,1000
18537,2020-10-02T00:00:00,False,0.163784,0.059377,2.7584,True,2.16781,3.0113,0.7199,False,driftlens_only,413,413
18538,2020-10-03T00:00:00,False,0.078193,0.029583,2.6432,True,1.84463,3.0113,0.6126,False,driftlens_only,3159,1000
18539,2020-10-04T00:00:00,False,0.064679,0.029583,2.1864,True,1.62575,3.0113,0.5399,False,driftlens_only,3625,1000
18540,2020-10-05T00:00:00,False,0.079375,0.029583,2.6831,True,1.6977,3.0113,0.5638,False,driftlens_only,1334,1000
18541,2020-10-06T00:00:00,False,0.05071,0.029583,1.7142,True,1.81893,3.0113,0.604,False,driftlens_only,3223,1000
18542,2020-10-07T00:00:00,False,0.03675,0.029583,1.2423,True,1.61505,3.0113,0.5363,False,driftlens_only,1613,1000
18543,2020-10-08T00:00:00,False,0.039389,0.029583,1.3315,True,1.33816,3.0113,0.4444,False,driftlens_only,2863,1000
18544,2020-10-09T00:00:00,False,0.030673,0.029583,1.0368,True,1.69424,3.0113,0.5626,False,driftlens_only,3217,1000
18545,2020-10-10T00:00:00,False,0.045181,0.029583,1.5273,True,1.61661,3.0113,0.5368,False,driftlens_only,1087,1000
18546,2020-10-11T00:00:00,False,0.037946,0.029583,1.2827,True,1.7813,3.0113,0.5915,False,driftlens_only,3245,1000
18547,2020-10-12T00:00:00,False,0.042288,0.029583,1.4295,True,1.5487,3.0113,0.5143,False,driftlens_only,2420,1000
18548,2020-10-13T00:00:00,False,0.053116,0.029583,1.7955,True,1.50111,1.1741,1.2785,True,both,2492,1000
18549,2020-10-14T00:00:00,False,0.034295,0.029583,1.1593,True,1.45911,1.1741,1.2427,True,both,4345,1000
18550,2020-10-15T00:00:00,False,0.040054,0.029583,1.354,True,1.16608,1.1741,0.9932,False,driftlens_only,2481,1000
18551,2020-10-16T00:00:00,False,0.036118,0.029583,1.2209,True,1.69769,1.1741,1.446,True,both,2715,1000
18552,2020-10-17T00:00:00,False,0.037103,0.029583,1.2542,True,0.980932,1.1741,0.8355,False,driftlens_only,4413,1000
18553,2020-10-18T00:00:00,False,0.039513,0.029583,1.3357,True,1.18561,1.1741,1.0098,True,both,1317,1000
18554,2020-10-19T00:00:00,False,0.037736,0.029583,1.2756,True,1.32975,1.1741,1.1326,True,both,1980,1000
18555,2020-10-20T00:00:00,False,0.0362,0.029583,1.2237,True,1.07352,1.1741,0.9143,False,driftlens_only,2877,1000
18743,2021-04-26T00:00:00,False,0.06587,0.029583,2.2266,True,1.80004,1.1741,1.5331,True,both,3318,1000
18744,2021-04-27T00:00:00,False,0.142093,0.108738,1.3067,True,1.74274,3.3257,0.524,False,driftlens_only,220,220
18745,2021-04-28T00:00:00,False,0.07668,0.029583,2.592,True,1.65132,3.3257,0.4965,False,driftlens_only,3365,1000
18746,2021-04-29T00:00:00,False,0.075568,0.043777,1.7262,True,2.38746,3.3257,0.7179,False,driftlens_only,593,593
18747,2021-04-30T00:00:00,False,0.062518,0.029583,2.1133,True,1.4633,3.3257,0.44,False,driftlens_only,1540,1000
18748,2021-05-01T00:00:00,False,0.067294,0.029583,2.2748,True,1.72294,3.3257,0.5181,False,driftlens_only,1903,1000
18750,2021-05-03T00:00:00,False,0.068429,0.029583,2.3131,True,2.7623,3.3257,0.8306,False,driftlens_only,1864,1000
18751,2021-05-04T00:00:00,False,0.075136,0.029583,2.5398,True,1.51801,3.3257,0.4564,False,driftlens_only,2755,1000
18752,2021-05-05T00:00:00,False,0.061809,0.029583,2.0893,True,2.02821,3.3257,0.6099,False,driftlens_only,4886,1000
18754,2021-05-07T00:00:00,False,0.056252,0.029583,1.9015,True,2.22647,3.3257,0.6695,False,driftlens_only,4586,1000
18755,2021-05-08T00:00:00,False,0.055147,0.029583,1.8641,True,1.90559,3.3257,0.573,False,driftlens_only,5031,1000
18756,2021-05-09T00:00:00,False,0.05559,0.030255,1.8374,True,2.0677,3.3257,0.6217,False,driftlens_only,966,966
18757,2021-05-10T00:00:00,False,0.060585,0.034325,1.765,True,1.06299,2.7954,0.3803,False,driftlens_only,803,803
18758,2021-05-11T00:00:00,False,0.092763,0.05877,1.5784,True,2.0597,3.0446,0.6765,False,driftlens_only,422,422
18760,2021-05-13T00:00:00,False,0.068704,0.029583,2.3224,True,1.52684,3.0446,0.5015,False,driftlens_only,1325,1000
18761,2021-05-14T00:00:00,False,0.060027,0.029583,2.0291,True,1.12897,3.0446,0.3708,False,driftlens_only,4064,1000
18762,2021-05-15T00:00:00,False,0.062429,0.033735,1.8506,True,1.23321,3.0446,0.405,False,driftlens_only,832,832
18763,2021-05-16T00:00:00,False,0.065408,0.029583,2.211,True,1.92937,3.0446,0.6337,False,driftlens_only,2136,1000
18765,2021-05-18T00:00:00,False,0.058075,0.029583,1.9631,True,1.36526,3.0446,0.4484,False,driftlens_only,3759,1000
18766,2021-05-19T00:00:00,False,0.053973,0.029583,1.8245,True,1.16611,3.0446,0.383,False,driftlens_only,4516,1000
18767,2021-05-20T00:00:00,False,0.099794,0.06862,1.4543,True,1.22877,3.06207,0.4013,False,driftlens_only,352,352
18768,2021-05-21T00:00:00,False,0.05404,0.029583,1.8267,True,1.80468,3.06207,0.5894,False,driftlens_only,3639,1000
18770,2021-05-23T00:00:00,False,0.066585,0.029583,2.2508,True,1.54274,3.06207,0.5038,False,driftlens_only,3001,1000
18772,2021-05-25T00:00:00,False,0.053052,0.029583,1.7933,True,1.24929,3.06207,0.408,False,driftlens_only,7114,1000
18773,2021-05-26T00:00:00,False,0.049855,0.029583,1.6853,True,2.31247,3.06207,0.7552,False,driftlens_only,4750,1000
18774,2021-05-27T00:00:00,False,0.05365,0.029583,1.8135,True,2.11801,3.06207,0.6917,False,driftlens_only,2390,1000
18775,2021-05-28T00:00:00,False,0.057163,0.029583,1.9323,True,2.49978,3.06207,0.8164,False,driftlens_only,3704,1000
18776,2021-05-29T00:00:00,False,0.064983,0.029583,2.1966,True,1.60228,3.06207,0.5233,False,driftlens_only,2398,1000
18777,2021-05-30T00:00:00,False,0.051465,0.029583,1.7397,True,1.58323,3.06207,0.517,False,driftlens_only,4006,1000
18779,2021-06-01T00:00:00,False,0.055944,0.029583,1.8911,True,1.52485,3.06207,0.498,False,driftlens_only,5174,1000
18780,2021-06-02T00:00:00,False,0.052882,0.029583,1.7876,True,1.893,3.06207,0.6182,False,driftlens_only,3343,1000
18781,2021-06-03T00:00:00,False,0.051502,0.029583,1.7409,True,1.13258,1.1741,0.9646,False,driftlens_only,7229,1000
18783,2021-06-05T00:00:00,False,0.055293,0.029583,1.8691,True,0.684662,1.1741,0.5831,False,driftlens_only,4323,1000
18785,2021-06-07T00:00:00,False,0.059318,0.029583,2.0051,True,0.83917,1.1741,0.7147,False,driftlens_only,3587,1000
18786,2021-06-08T00:00:00,False,0.057972,0.029583,1.9596,True,1.0444,1.1741,0.8895,False,driftlens_only,2830,1000
18787,2021-06-09T00:00:00,False,0.055449,0.029583,1.8744,True,0.75009,1.1741,0.6389,False,driftlens_only,5158,1000
18789,2021-06-11T00:00:00,False,0.072184,0.029583,2.4401,True,1.07828,1.1741,0.9184,False,driftlens_only,4072,1000
18790,2021-06-12T00:00:00,False,0.050117,0.029583,1.6941,True,1.36671,1.1741,1.164,True,both,1037,1000
18791,2021-06-13T00:00:00,False,0.055928,0.029583,1.8905,True,1.13454,1.1741,0.9663,False,driftlens_only,3931,1000
18792,2021-06-14T00:00:00,False,0.103045,0.029583,3.4833,True,1.11683,1.1741,0.9512,False,driftlens_only,4293,1000
18793,2021-06-15T00:00:00,False,0.060721,0.029583,2.0526,True,1.1594,1.1741,0.9875,False,driftlens_only,2803,1000
18794,2021-06-16T00:00:00,False,0.053338,0.029583,1.803,True,0.904032,1.1741,0.77,False,driftlens_only,3344,1000
18795,2021-06-17T00:00:00,False,0.052665,0.029583,1.7802,True,1.10276,1.1741,0.9392,False,driftlens_only,2979,1000
18796,2021-06-18T00:00:00,False,0.064926,0.029583,2.1947,True,1.28373,1.1741,1.0934,True,both,2771,1000
18797,2021-06-19T00:00:00,False,0.057493,0.029583,1.9434,True,1.03154,1.1741,0.8786,False,driftlens_only,2854,1000
18802,2021-06-24T00:00:00,False,0.057761,0.029583,1.9525,True,1.19833,1.1741,1.0206,True,both,4231,1000
18804,2021-06-26T00:00:00,False,0.069639,0.029583,2.354,True,1.47867,1.1741,1.2594,True,both,1850,1000
18805,2021-06-27T00:00:00,False,0.070511,0.029583,2.3835,True,0.803602,1.1741,0.6844,False,driftlens_only,1424,1000
